{
  "multi_tpu_parallel": {
    "multi_tpu_results": {
      "data_parallel_quantum_annealing": {
        "execution_time": 0.1174154281616211,
        "successful_tasks": 4,
        "total_tasks": 4,
        "success_rate": 1.0,
        "avg_throughput": 7.439661338565007,
        "compute_efficiency": 34.06707331930896
      },
      "data_parallel_ml_predictive": {
        "execution_time": 0.10180878639221191,
        "successful_tasks": 4,
        "total_tasks": 4,
        "success_rate": 1.0,
        "avg_throughput": 6.550336421395206,
        "compute_efficiency": 39.28933976867432
      },
      "data_parallel_adaptive_hybrid": {
        "execution_time": 0.10161805152893066,
        "successful_tasks": 4,
        "total_tasks": 4,
        "success_rate": 1.0,
        "avg_throughput": 6.550336421395206,
        "compute_efficiency": 39.36308500130215
      },
      "model_parallel_quantum_annealing": {
        "execution_time": 0.11530733108520508,
        "successful_tasks": 4,
        "total_tasks": 4,
        "success_rate": 1.0,
        "avg_throughput": 9.919548451420008,
        "compute_efficiency": 34.68990186794146
      },
      "model_parallel_ml_predictive": {
        "execution_time": 0.10165643692016602,
        "successful_tasks": 4,
        "total_tasks": 4,
        "success_rate": 1.0,
        "avg_throughput": 10.48053827423233,
        "compute_efficiency": 39.34822153112965
      },
      "model_parallel_adaptive_hybrid": {
        "execution_time": 0.10168099403381348,
        "successful_tasks": 4,
        "total_tasks": 4,
        "success_rate": 1.0,
        "avg_throughput": 10.48053827423233,
        "compute_efficiency": 39.33871848921758
      },
      "quantum_distributed_quantum_annealing": {
        "execution_time": 0.11608433723449707,
        "successful_tasks": 4,
        "total_tasks": 4,
        "success_rate": 1.0,
        "avg_throughput": 12.860841388176752,
        "compute_efficiency": 34.45770631329676
      },
      "quantum_distributed_ml_predictive": {
        "execution_time": 0.10149478912353516,
        "successful_tasks": 4,
        "total_tasks": 4,
        "success_rate": 1.0,
        "avg_throughput": 13.100672842790413,
        "compute_efficiency": 39.410890298332156
      },
      "quantum_distributed_adaptive_hybrid": {
        "execution_time": 0.10173153877258301,
        "successful_tasks": 4,
        "total_tasks": 4,
        "success_rate": 1.0,
        "avg_throughput": 13.100672842790413,
        "compute_efficiency": 39.31917326977476
      }
    },
    "performance_metrics": {
      "total_devices": 4,
      "active_devices": 4,
      "total_compute_capacity": 33.06516150473336,
      "average_device_load": 6.938893903907228e-18,
      "average_temperature": 46.068576596199165,
      "total_tasks_completed": 36,
      "average_execution_time": 0.10032262759549276,
      "parallel_efficiency": 33.06516150473336,
      "devices": [
        {
          "device_id": "tpu_0",
          "device_path": "/dev/apex_0",
          "compute_capability": 8.41400662237539,
          "memory_gb": 28.225789463045768,
          "power_efficiency": 50.0,
          "current_load": 0.0,
          "temperature_celsius": 48.04399967598877,
          "total_tasks_completed": 4,
          "avg_execution_time": 0.10033619403839111,
          "error_rate": 0.0,
          "last_heartbeat": 1756044274.1991007,
          "status": "active"
        },
        {
          "device_id": "tpu_1",
          "device_path": "/dev/apex_1",
          "compute_capability": 7.786105213790276,
          "memory_gb": 34.71046681034933,
          "power_efficiency": 50.0,
          "current_load": 0.0,
          "temperature_celsius": 46.28799386260502,
          "total_tasks_completed": 2,
          "avg_execution_time": 0.10025155544281006,
          "error_rate": 0.0,
          "last_heartbeat": 1756044273.8789847,
          "status": "active"
        },
        {
          "device_id": "tpu_2",
          "device_path": "/dev/apex_2",
          "compute_capability": 8.733781895193609,
          "memory_gb": 28.014807329717964,
          "power_efficiency": 50.0,
          "current_load": 2.7755575615628914e-17,
          "temperature_celsius": 42.75461209532088,
          "total_tasks_completed": 28,
          "avg_execution_time": 0.10043248959950038,
          "error_rate": 0.0,
          "last_heartbeat": 1756044274.4026418,
          "status": "active"
        },
        {
          "device_id": "tpu_3",
          "device_path": "/dev/apex_3",
          "compute_capability": 8.131267773374086,
          "memory_gb": 34.6142569017758,
          "power_efficiency": 50.0,
          "current_load": 0.0,
          "temperature_celsius": 47.18770075088199,
          "total_tasks_completed": 2,
          "avg_execution_time": 0.10027027130126953,
          "error_rate": 0.0,
          "last_heartbeat": 1756044273.8788104,
          "status": "active"
        }
      ]
    },
    "best_configuration": "quantum_distributed_ml_predictive",
    "parallel_efficiency": 33.06516150473336
  },
  "advanced_telemetry": {
    "dashboard_data": {
      "timestamp": 1756044275.5685105,
      "time_range_hours": 1,
      "metrics": {
        "throughput": {
          "current": 135,
          "min": 85,
          "max": 140,
          "avg": 114.5,
          "trend": "increasing",
          "data_points": 10
        },
        "latency": {
          "current": 14,
          "min": 8,
          "max": 16,
          "avg": 11.8,
          "trend": "increasing",
          "data_points": 10
        },
        "error_rate": {
          "current": 0.015,
          "min": 0.01,
          "max": 0.08,
          "avg": 0.027,
          "trend": "decreasing",
          "data_points": 10
        },
        "quantum_coherence": {
          "current": {
            "primary": 0.88,
            "coherence_time": 55
          },
          "min": 0.65,
          "max": 0.95,
          "avg": 0.87,
          "trend": "stable",
          "data_points": 10
        },
        "memory_usage": {
          "current": 60,
          "min": 16.7,
          "max": 82,
          "avg": 58.60909090909091,
          "trend": "increasing",
          "data_points": 11
        },
        "cpu_usage": {
          "current": 0.0,
          "min": 0.0,
          "max": 0.0,
          "avg": 0.0,
          "trend": "stable",
          "data_points": 1
        },
        "memory_available_gb": {
          "current": 3.207447052001953,
          "min": 3.207447052001953,
          "max": 3.207447052001953,
          "avg": 3.207447052001953,
          "trend": "stable",
          "data_points": 1
        },
        "process_cpu": {
          "current": 0.0,
          "min": 0.0,
          "max": 0.0,
          "avg": 0.0,
          "trend": "stable",
          "data_points": 1
        },
        "process_memory_mb": {
          "current": 172.23046875,
          "min": 172.23046875,
          "max": 172.23046875,
          "avg": 172.23046875,
          "trend": "stable",
          "data_points": 1
        }
      },
      "alerts": [],
      "system_health": {
        "score": 100.0,
        "status": "healthy",
        "active_alerts": 0,
        "critical_alerts": 0
      },
      "quantum_state": {
        "quantum_coherence": {
          "value": {
            "primary": 0.88,
            "coherence_time": 55
          },
          "timestamp": 1756044275.467323,
          "labels": {
            "quantum_device": "qpu_1"
          },
          "type": "gauge"
        }
      },
      "performance_trends": {
        "throughput": [
          {
            "timestamp": 1756044274.5635087,
            "value": 100
          },
          {
            "timestamp": 1756044274.6638224,
            "value": 120
          },
          {
            "timestamp": 1756044274.764169,