{
  "multi_tpu_parallel": {
    "multi_tpu_results": {
      "data_parallel_quantum_annealing": {
        "execution_time": 0.13218235969543457,
        "successful_tasks": 4,
        "total_tasks": 4,
        "success_rate": 1.0,
        "avg_throughput": 6.534616113462946,
        "compute_efficiency": 30.26122403334698
      },
      "data_parallel_ml_predictive": {
        "execution_time": 0.10283970832824707,
        "successful_tasks": 4,
        "total_tasks": 4,
        "success_rate": 1.0,
        "avg_throughput": 6.127774465250841,
        "compute_efficiency": 38.89548176500727
      },
      "data_parallel_adaptive_hybrid": {
        "execution_time": 0.10291266441345215,
        "successful_tasks": 4,
        "total_tasks": 4,
        "success_rate": 1.0,
        "avg_throughput": 6.127774465250841,
        "compute_efficiency": 38.86790826763536
      },
      "model_parallel_quantum_annealing": {
        "execution_time": 0.13298988342285156,
        "successful_tasks": 4,
        "total_tasks": 4,
        "success_rate": 1.0,
        "avg_throughput": 8.626802223091584,
        "compute_efficiency": 30.07747579777698
      },
      "model_parallel_ml_predictive": {
        "execution_time": 0.10271787643432617,
        "successful_tasks": 4,
        "total_tasks": 4,
        "success_rate": 1.0,
        "avg_throughput": 9.804439144401346,
        "compute_efficiency": 38.941615022166516
      },
      "model_parallel_adaptive_hybrid": {
        "execution_time": 0.10370707511901855,
        "successful_tasks": 4,
        "total_tasks": 4,
        "success_rate": 1.0,
        "avg_throughput": 9.804439144401346,
        "compute_efficiency": 38.57017465210964
      },
      "quantum_distributed_quantum_annealing": {
        "execution_time": 0.13251304626464844,
        "successful_tasks": 4,
        "total_tasks": 4,
        "success_rate": 1.0,
        "avg_throughput": 10.78350277886448,
        "compute_efficiency": 30.185707088880893
      },
      "quantum_distributed_ml_predictive": {
        "execution_time": 0.10224556922912598,
        "successful_tasks": 4,
        "total_tasks": 4,
        "success_rate": 1.0,
        "avg_throughput": 12.255548930501682,
        "compute_efficiency": 39.12149964206515
      },
      "quantum_distributed_adaptive_hybrid": {
        "execution_time": 0.10293436050415039,
        "successful_tasks": 4,
        "total_tasks": 4,
        "success_rate": 1.0,
        "avg_throughput": 12.255548930501682,
        "compute_efficiency": 38.85971584618449
      }
    },
    "performance_metrics": {
      "total_devices": 4,
      "active_devices": 4,
      "total_compute_capacity": 30.79571889838668,
      "average_device_load": 6.938893903907228e-18,
      "average_temperature": 39.81778714412736,
      "total_tasks_completed": 36,
      "average_execution_time": 0.10126909180584116,
      "parallel_efficiency": 30.79571889838668,
      "devices": [
        {
          "device_id": "tpu_0",
          "device_path": "/dev/apex_0",
          "compute_capability": 7.1728023330252615,
          "memory_gb": 34.0580650970666,
          "power_efficiency": 50.0,
          "current_load": 0.0,
          "temperature_celsius": 41.55885481059542,
          "total_tasks_completed": 4,
          "avg_execution_time": 0.10144978761672974,
          "error_rate": 0.0,
          "last_heartbeat": 1756146735.537334,
          "status": "active"
        },
        {
          "device_id": "tpu_1",
          "device_path": "/dev/apex_1",
          "compute_capability": 8.247349239566251,
          "memory_gb": 35.46901691295478,
          "power_efficiency": 50.0,
          "current_load": 0.0,
          "temperature_celsius": 44.18540111039479,
          "total_tasks_completed": 0,
          "avg_execution_time": 0.0,
          "error_rate": 0.0,
          "last_heartbeat": 1756146734.71567,
          "status": "active"
        },
        {
          "device_id": "tpu_2",
          "device_path": "/dev/apex_2",
          "compute_capability": 7.205201372127378,
          "memory_gb": 35.69190526758172,
          "power_efficiency": 50.0,
          "current_load": 0.0,
          "temperature_celsius": 43.04240599731808,
          "total_tasks_completed": 6,
          "avg_execution_time": 0.10098997751871745,
          "error_rate": 0.0,
          "last_heartbeat": 1756146735.5370758,
          "status": "active"
        },
        {
          "device_id": "tpu_3",
          "device_path": "/dev/apex_3",
          "compute_capability": 8.170365953667789,
          "memory_gb": 30.017800551016627,
          "power_efficiency": 50.0,
          "current_load": 2.7755575615628914e-17,
          "temperature_celsius": 30.484486658201142,
          "total_tasks_completed": 26,
          "avg_execution_time": 0.10136751028207633,
          "error_rate": 0.0,
          "last_heartbeat": 1756146735.742774,
          "status": "active"
        }
      ]
    },
    "best_configuration": "quantum_distributed_ml_predictive",
    "parallel_efficiency": 30.79571889838668
  },
  "advanced_telemetry": {
    "dashboard_data": {
      "timestamp": 1756146736.7753496,
      "time_range_hours": 1,
      "metrics": {
        "throughput": {
          "current": 135,
          "min": 85,
          "max": 140,
          "avg": 114.5,
          "trend": "increasing",
          "data_points": 10
        },
        "latency": {
          "current": 14,
          "min": 8,
          "max": 16,
          "avg": 11.8,
          "trend": "increasing",
          "data_points": 10
        },
        "error_rate": {
          "current": 0.015,
          "min": 0.01,
          "max": 0.08,
          "avg": 0.027,
          "trend": "decreasing",
          "data_points": 10
        },
        "quantum_coherence": {
          "current": {
            "primary": 0.88,
            "coherence_time": 55
          },
          "min": 0.65,
          "max": 0.95,
          "avg": 0.87,
          "trend": "stable",
          "data_points": 10
        },
        "memory_usage": {
          "current": 60,
          "min": 17.0,
          "max": 82,
          "avg": 58.63636363636363,
          "trend": "increasing",
          "data_points": 11
        },
        "cpu_usage": {
          "current": 0.0,
          "min": 0.0,
          "max": 0.0,
          "avg": 0.0,
          "trend": "stable",
          "data_points": 1
        },
        "memory_available_gb": {
          "current": 3.194202423095703,
          "min": 3.194202423095703,
          "max": 3.194202423095703,
          "avg": 3.194202423095703,
          "trend": "stable",
          "data_points": 1
        },
        "process_cpu": {
          "current": 0.0,
          "min": 0.0,
          "max": 0.0,
          "avg": 0.0,
          "trend": "stable",
          "data_points": 1
        },
        "process_memory_mb": {
          "current": 129.140625,
          "min": 129.140625,
          "max": 129.140625,
          "avg": 129.140625,
          "trend": "stable",
          "data_points": 1
        }
      },
      "alerts": [],
      "system_health": {
        "score": 100.0,
        "status": "healthy",
        "active_alerts": 0,
        "critical_alerts": 0
      },
      "quantum_state": {
        "quantum_coherence": {
          "value": {
            "primary": 0.88,
            "coherence_time": 55
          },
          "timestamp": 1756146736.673723,
          "labels": {
            "quantum_device": "qpu_1"
          },
          "type": "gauge"
        }
      },
      "performance_trends": {
        "throughput": [
          {
            "timestamp": 1756146735.7625728,
            "value": 100
          },
          {
            "timestamp": 1756146735.8629062,
            "value": 120
          },
          {
            "timestamp": 1756146735.9633343,
            "value": 95
          },
          {
            "timestamp": 1756146736.0643659,