{
  "benchmark_timestamp": 1755694654.3843105,
  "total_benchmark_time": 0.1668717861175537,
  "error_mitigation": {
    "throughput": 39089.50605778192,
    "avg_latency": 2.5582313537597656e-05,
    "profiling_avg": 1.0442733764648437e-05,
    "classification_avg": 9.465217590332032e-06,
    "selection_avg": 5.674362182617188e-06
  },
  "statistical_validation": {
    "t_test_scaling": [
      [
        0.0004248619079589844,
        10
      ],
      [
        0.0003674030303955078,
        50
      ],
      [
        0.0006034374237060547,
        100
      ],
      [
        0.0010058879852294922,
        200
      ]
    ],
    "mann_whitney_scaling": [
      [
        5.030632019042969e-05,
        10
      ],
      [
        0.00011801719665527344,
        50
      ],
      [
        0.000194549560546875,
        100
      ],
      [
        0.00046443939208984375,
        200
      ]
    ],
    "quantum_advantage_scaling": [
      [
        0.0003712177276611328,
        10
      ],
      [
        0.00064849853515625,
        50
      ],
      [
        0.0009436607360839844,
        100
      ],
      [
        0.001622915267944336,
        200
      ]
    ],
    "max_sample_size_tested": 200
  },
  "hyper_performance": {
    "annealing_performance": [
      [
        0.00027561187744140625,
        20
      ],
      [
        0.00014925003051757812,
        100
      ],
      [
        0.0001423358917236328,
        200
      ]
    ],
    "superposition_performance": [
      [
        0.010593891143798828,
        5
      ],
      [
        0.020982980728149414,
        10
      ],
      [
        0.03144025802612305,
        20
      ],
      [
        0.07390141487121582,
        50
      ]
    ],
    "entanglement_performance": [
      [
        7.43865966796875e-05,
        5
      ],
      [
        6.771087646484375e-05,
        10
      ],
      [
        0.00016021728515625,
        20
      ],
      [
        0.003434896469116211,
        50
      ]
    ],
    "parallel_efficiency": [
      471.9701129765495,
      476.57671374518515,
      636.1270948661561,
      676.5770328908103
    ]
  },
  "integration": {
    "avg_latency": 0.0004206418991088867,
    "max_latency": 0.0006115436553955078,
    "throughput": 2377.319050048178,
    "total_workflows": 10
  },
  "overall_performance": {
    "total_components_tested": 4,
    "benchmarks_completed": 4,
    "success_rate": 1.0
  }
}