{
  "benchmark_timestamp": 1756044267.8136008,
  "total_benchmark_time": 0.16751718521118164,
  "error_mitigation": {
    "throughput": 50533.78313253012,
    "avg_latency": 1.9788742065429688e-05,
    "profiling_avg": 8.296966552734374e-06,
    "classification_avg": 6.29425048828125e-06,
    "selection_avg": 5.197525024414063e-06
  },
  "statistical_validation": {
    "t_test_scaling": [
      [
        0.0003523826599121094,
        10
      ],
      [
        0.0004203319549560547,
        50
      ],
      [
        0.0005793571472167969,
        100
      ],
      [
        0.0013043880462646484,
        200
      ]
    ],
    "mann_whitney_scaling": [
      [
        0.00016760826110839844,
        10
      ],
      [
        0.00017833709716796875,
        50
      ],
      [
        0.0003306865692138672,
        100
      ],
      [
        0.0006759166717529297,
        200
      ]
    ],
    "quantum_advantage_scaling": [
      [
        0.0006146430969238281,
        10
      ],
      [
        0.0007517337799072266,
        50
      ],
      [
        0.0009455680847167969,
        100
      ],
      [
        0.0017063617706298828,
        200
      ]
    ],
    "max_sample_size_tested": 200
  },
  "hyper_performance": {
    "annealing_performance": [
      [
        0.00023293495178222656,
        20
      ],
      [
        0.00024366378784179688,
        100
      ],
      [
        0.0001461505889892578,
        200
      ]
    ],
    "superposition_performance": [
      [
        0.010573625564575195,
        5
      ],
      [
        0.02093029022216797,
        10
      ],
      [
        0.031540632247924805,
        20
      ],
      [
        0.0739595890045166,
        50
      ]
    ],
    "entanglement_performance": [
      [
        7.677078247070312e-05,
        5
      ],
      [
        6.866455078125e-05,
        10
      ],
      [
        0.00020766258239746094,
        20
      ],
      [
        0.0024530887603759766,
        50
      ]
    ],
    "parallel_efficiency": [
      472.8746984148459,
      477.7764614753725,
      634.1026978403671,
      676.0448600782054
    ]
  },
  "integration": {
    "avg_latency": 0.000432586669921875,
    "max_latency": 0.0005679130554199219,
    "throughput": 2311.675485008818,
    "total_workflows": 10
  },
  "overall_performance": {
    "total_components_tested": 4,
    "benchmarks_completed": 4,
    "success_rate": 1.0
  }
}