{
  "benchmark_timestamp": 1756146718.8276203,
  "total_benchmark_time": 0.1746654510498047,
  "error_mitigation": {
    "throughput": 45590.260869565216,
    "avg_latency": 2.193450927734375e-05,
    "profiling_avg": 9.369850158691406e-06,
    "classification_avg": 6.818771362304688e-06,
    "selection_avg": 5.745887756347657e-06
  },
  "statistical_validation": {
    "t_test_scaling": [
      [
        0.0003437995910644531,
        10
      ],
      [
        0.00041365623474121094,
        50
      ],
      [
        0.0006322860717773438,
        100
      ],
      [
        0.0010139942169189453,
        200
      ]
    ],
    "mann_whitney_scaling": [
      [
        6.031990051269531e-05,
        10
      ],
      [
        0.00012803077697753906,
        50
      ],
      [
        0.0002288818359375,
        100
      ],
      [
        0.0004429817199707031,
        200
      ]
    ],
    "quantum_advantage_scaling": [
      [
        0.0004055500030517578,
        10
      ],
      [
        0.000759124755859375,
        50
      ],
      [
        0.00144195556640625,
        100
      ],
      [
        0.001697540283203125,
        200
      ]
    ],
    "max_sample_size_tested": 200
  },
  "hyper_performance": {
    "annealing_performance": [
      [
        0.0002465248107910156,
        20
      ],
      [
        0.00015425682067871094,
        100
      ],
      [
        0.0001442432403564453,
        200
      ]
    ],
    "superposition_performance": [
      [
        0.010737895965576172,
        5
      ],
      [
        0.02231454849243164,
        10
      ],
      [
        0.03214669227600098,
        20
      ],
      [
        0.07752132415771484,
        50
      ]
    ],
    "entanglement_performance": [
      [
        8.0108642578125e-05,
        5
      ],
      [
        9.059906005859375e-05,
        10
      ],
      [
        0.00019931793212890625,
        20
      ],
      [
        0.003230571746826172,
        50
      ]
    ],
    "parallel_efficiency": [
      465.64057018517695,
      448.1381285125115,
      622.1479904771087,
      644.9838227514855
    ]
  },
  "integration": {
    "avg_latency": 0.0004288434982299805,
    "max_latency": 0.0005652904510498047,
    "throughput": 2331.853004948018,
    "total_workflows": 10
  },
  "overall_performance": {
    "total_components_tested": 4,
    "benchmarks_completed": 4,
    "success_rate": 1.0
  }
}