{
  "benchmark_timestamp": 1755955073.142148,
  "total_benchmark_time": 0.19509315490722656,
  "error_mitigation": {
    "throughput": 47989.74828375286,
    "avg_latency": 2.0837783813476564e-05,
    "profiling_avg": 8.416175842285156e-06,
    "classification_avg": 6.628036499023438e-06,
    "selection_avg": 5.793571472167969e-06
  },
  "statistical_validation": {
    "t_test_scaling": [
      [
        0.0003311634063720703,
        10
      ],
      [
        0.0006163120269775391,
        50
      ],
      [
        0.0005462169647216797,
        100
      ],
      [
        0.0008966922760009766,
        200
      ]
    ],
    "mann_whitney_scaling": [
      [
        5.817413330078125e-05,
        10
      ],
      [
        0.0001125335693359375,
        50
      ],
      [
        0.00023555755615234375,
        100
      ],
      [
        0.00042891502380371094,
        200
      ]
    ],
    "quantum_advantage_scaling": [
      [
        0.00036144256591796875,
        10
      ],
      [
        0.000766754150390625,
        50
      ],
      [
        0.0009245872497558594,
        100
      ],
      [
        0.0015094280242919922,
        200
      ]
    ],
    "max_sample_size_tested": 200
  },
  "hyper_performance": {
    "annealing_performance": [
      [
        0.00032520294189453125,
        20
      ],
      [
        0.0003871917724609375,
        100
      ],
      [
        0.00028967857360839844,
        200
      ]
    ],
    "superposition_performance": [
      [
        0.010878324508666992,
        5
      ],
      [
        0.02124309539794922,
        10
      ],
      [
        0.03199267387390137,
        20
      ],
      [
        0.07501959800720215,
        50
      ]
    ],
    "entanglement_performance": [
      [
        8.320808410644531e-05,
        5
      ],
      [
        6.794929504394531e-05,
        10
      ],
      [
        0.0007374286651611328,
        20
      ],
      [
        0.002915620803833008,
        50
      ]
    ],
    "parallel_efficiency": [
      459.6296052775769,
      470.741189674523,
      625.14312116673,
      666.4925076671275
    ]
  },
  "integration": {
    "avg_latency": 0.00045418739318847656,
    "max_latency": 0.0007343292236328125,
    "throughput": 2201.7343832020997,
    "total_workflows": 10
  },
  "overall_performance": {
    "total_components_tested": 4,
    "benchmarks_completed": 4,
    "success_rate": 1.0
  }
}